{"cameraMode":{"drawMode":0,"name":"Shaded","section":"Shading Mode"},"sceneLighting":true,"audioPlay":false,"sceneViewState":{"m_AlwaysRefresh":false,"showFog":true,"showSkybox":true,"showFlares":true,"showImageEffects":true,"showParticleSystems":true,"showVisualEffectGraphs":true,"m_FxEnabled":true},"in2DMode":false,"pivot":{"x":-27.99468994140625,"y":2.9896867275238039,"z":24.59539031982422},"rotation":{"x":-0.018582936376333238,"y":0.9807653427124023,"z":-0.15456673502922059,"w":-0.11796155571937561},"size":8.779763221740723,"orthographic":false}