{"cameraMode":{"drawMode":0,"name":"Shaded","section":"Shading Mode"},"sceneLighting":false,"audioPlay":false,"sceneViewState":{"m_AlwaysRefresh":false,"showFog":true,"showSkybox":false,"showFlares":true,"showImageEffects":true,"showParticleSystems":true,"showVisualEffectGraphs":true,"m_FxEnabled":true},"in2DMode":false,"pivot":{"x":29.221744537353517,"y":15.301647186279297,"z":-21.444067001342775},"rotation":{"x":-0.020204834640026094,"y":0.9794726967811585,"z":-0.15436309576034547,"w":-0.12825290858745576},"size":12.12435531616211,"orthographic":false}